topic,filename_prefix
Fundamental Concepts,section_1_1
Population Ecology,section_1_2
Interactions,section_1_3
Community Ecology,section_1_4
Ecosystems Structure and Function,section_1_5
History of Evolutionary Thought,section_2_1
Fundamentals,section_2_2
Diversity of Life,section_2_3
Life History Strategies,section_2_4
Interactions,section_2_5
Population and Quantitative Genetics,section_2_6
Molecular Evolution and Phylogenetics,section_2_7
Macroevolution,section_2_8
Mathematics and Statistics in Ecology,section_3_1
Statistical Hypothesis Testing,section_3_2
Classical Ethology,section_4_1
Sensory Ecology,section_4_2
Foraging Ecology,section_4_3
Reproduction,section_4_4
Social Living,section_4_5
Biodiversity and Conservation,section_5_1
Disease Ecology and Evolution,section_5_2
Global Climate Change,section_5_3