IUPAC Nomenclature of Organic Molecules,unit_01
Principles of Stereochemistry,unit_02
Aromaticity,unit_03
Organic Reactive Intermediate,unit_04
Organic Reaction Mechanisms,unit_05
Common Named Reactions and Rearrangements,unit_06
Organic Transformations and Reagents,unit_07
Concepts in Organic Synthesis,unit_08
Assymetric Synthesis,unit_09
Pericyclic Reactions,unit_10
Synthesis and Reactivity of Common Heterocyclic Compounds,unit_11
Chemistry of Natural Products,unit_12
Structure Determination of Organic Compounds,unit_13